plate,Sort_id,Snumber,Depth,VAF.varscan,VAF.mutect,VAF.platypus
plate1,10_A5,S23,4821,0.01,NA,NA
plate1,10_B4,S31,5977,0.72,0.673,NA
plate1,10_B6,S39,3953,0.33,0.275,NA
plate1,10_C4,S47,948,NA,NA,NA
plate1,10_C6,S55,614,0.66,0.557,NA
plate1,10_D7,S63,618,0.58,0.494,NA
plate1,10_F8,S71,4684,0.01,NA,NA
plate1,10_G6,S79,46,NA,NA,NA
plate1,10_G7,S87,5175,0.47,0.475,NA
plate1,1_B3,S1,113,0.48,0.765,NA
plate1,1_B6,S9,133,0.44,0.333,NA
plate1,1_D4,S17,42,NA,NA,NA
plate1,1_D5,S25,2230,0.96,0.83,NA
plate1,1_E5,S33,414,0.51,0.538,NA
plate1,1_E6,S41,369,0.73,0.7,NA
plate1,1_F3,S49,400,0.49,0.6,NA
plate1,1_F4,S57,679,NA,NA,NA
plate1,1_G3,S65,4783,0.44,0.415,NA
plate1,1_H7,S73,4292,0.27,0.294,NA
plate1,2_A1,S81,41,0.6,NA,NA
plate1,2_A2,S89,4001,0.15,0.191,NA
plate1,2_A4,S2,1252,0.12,0.131,NA
plate1,2_B11,S18,28,NA,NA,NA
plate1,2_B6,S10,1311,0.68,0.621,NA
plate1,2_C1,S26,1263,0.58,0.58,NA
plate1,2_D2,S34,2483,0.23,0.219,NA
plate1,2_E1,S42,2810,0.85,0.74,NA
plate1,2_F1,S50,1748,0.56,0.549,NA
plate1,2_F6,S58,703,0.66,0.573,NA
plate1,2_H4,S66,5440,0.01,NA,NA
plate1,3_D1,S74,50,NA,NA,NA
plate1,3_E2,S82,57,NA,NA,NA
plate1,3_F2,S90,1934,0.01,NA,NA
plate1,3_F3,S3,1161,0.64,0.577,NA
plate1,3_G8,S11,735,0.2,0.194,NA
plate1,3_H2,S19,1549,0.27,0.247,NA
plate1,3_H3,S27,3065,0.82,0.718,NA
plate1,4_B2,S35,1549,0.01,NA,NA
plate1,4_B3,S43,1818,0.09,0.103,NA
plate1,4_B6,S51,244,NA,NA,NA
plate1,4_C5,S59,1302,0.41,0.401,NA
plate1,4_E1,S67,1530,0.51,0.516,NA
plate1,4_F1,S75,442,0.04,NA,NA
plate1,4_H4,S83,267,0.38,0.516,NA
plate1,4_H5,S91,1063,0.88,0.781,NA
plate1,5_C2,S4,1151,NA,NA,NA
plate1,5_D5,S12,834,0.2,0.207,NA
plate1,5_E1,S20,2556,0.34,0.33,NA
plate1,5_F1,S28,101,0.27,NA,NA
plate1,5_H3,S36,1575,0.64,0.542,NA
plate1,5_H9,S44,927,0.49,0.507,NA
plate1,6_B6,S52,8521,0.95,0.84,NA
plate1,6_C3,S60,72,NA,NA,NA
plate1,6_E7,S68,549,0.87,0.747,NA
plate1,6_G6,S76,91,NA,NA,NA
plate1,6_H3,S84,2256,0.62,0.615,NA
plate1,7_A4,S92,2195,0.01,NA,NA
plate1,7_C4,S5,223,NA,NA,NA
plate1,7_D5,S13,420,0.4,0.37,NA
plate1,7_E4,S21,3610,0.56,0.455,NA
plate1,7_F1,S29,380,0.41,0.283,NA
plate1,7_F5,S37,970,0.29,0.245,NA
plate1,7_G1,S45,234,0.35,0.263,NA
plate1,7_H5,S53,1242,0.38,0.329,NA
plate1,8_A1,S61,1158,NA,NA,NA
plate1,8_C3,S69,390,0.43,0.569,NA
plate1,8_C5,S77,6,NA,NA,NA
plate1,8_D3,S85,410,NA,NA,NA
plate1,8_F1,S93,212,0.42,0.364,NA
plate1,8_H6,S6,1249,NA,NA,NA
plate1,9_A1,S14,2257,0.01,NA,NA
plate1,9_A6,S22,2767,0.6,0.58,NA
plate1,9_B3,S30,2405,0.01,NA,NA
plate1,9_B5,S38,2871,0.81,0.766,NA
plate1,9_B9,S46,4475,0.3,0.315,NA
plate1,9_C8,S54,309,NA,NA,NA
plate1,9_D5,S62,3772,0.01,NA,NA
plate1,9_E5,S70,1167,0.07,0.066,NA
plate1,9_F1,S78,171,0.22,NA,NA
plate1,9_F6,S86,4755,0.95,0.821,NA
plate1,9_F7,S94,5721,0.02,NA,NA
plate1,9_F8,S7,1166,NA,NA,NA
plate1,9_H3,S15,451,0.39,0.373,NA
plate2,1_A2,S97,112,NA,NA,NA
plate2,1_B12,S121,4544,0.14,0.147,NA
plate2,1_B2,S105,5905,0.83,0.7,NA
plate2,1_B5,S113,319,0.48,0.385,NA
plate2,1_C12,S129,4852,0.01,NA,NA
plate2,1_D2,S137,6392,0.01,NA,NA
plate2,1_E1,S145,7452,0.01,NA,NA
plate2,1_F1,S153,8522,0.37,0.357,NA
plate2,1_H2,S161,11057,0.01,NA,NA
plate2,1_H4,S169,37,NA,NA,NA
plate2,2_A3,S177,1746,0.82,0.717,NA
plate2,2_A9,S185,688,0.85,0.744,NA
plate2,2_B1,S98,6487,0.37,0.314,NA
plate2,2_B2,S106,6427,0.56,0.565,NA
plate2,2_B3,S114,5964,0.01,NA,NA
plate2,2_E6,S122,5934,0.64,0.652,NA
plate2,2_F3,S130,8185,0.01,NA,NA
plate2,3_C3,S138,8346,0.59,0.505,NA
plate2,3_C4,S146,128,0.18,NA,NA
plate2,3_D9,S154,5801,0.41,0.391,NA
plate2,3_E1,S162,337,0.1,0.121,NA
plate2,3_E5,S170,50,NA,NA,NA
plate2,3_E6,S178,5595,0.32,0.326,NA
plate2,3_E9,S186,4882,0.13,0.129,NA
plate2,3_F10,S99,6738,0.01,NA,NA
plate2,3_G10,S115,60,NA,NA,NA
plate2,3_G11,S123,6461,0.19,0.187,NA
plate2,3_G5,S107,2688,0.01,NA,NA
plate2,3_H4,S131,6960,0.01,NA,NA
plate2,4_C3,S139,5894,0.87,0.798,NA
plate2,4_D1,S147,4000,0.36,0.345,NA
plate2,4_D4,S155,5640,0.55,0.495,NA
plate2,4_E6,S163,8142,0.01,NA,NA
plate2,4_F7,S171,55,NA,NA,NA
plate2,4_G4,S179,4461,0.31,0.348,NA
plate2,4_G6,S187,3475,0.46,0.494,NA
plate2,4_G9,S100,2555,0.42,0.43,NA
plate2,5_B10,S116,1105,0.93,0.782,NA
plate2,5_B2,S108,9717,0.86,0.744,NA
plate2,5_D10,S124,6034,0.01,NA,NA
plate2,5_E2,S132,8457,0.01,NA,NA
plate2,5_F6,S140,6002,0.7,0.651,NA
plate2,5_H2,S148,4831,0.49,0.487,NA
plate2,5_H4,S156,7487,0.51,0.462,NA
plate2,6_A3,S164,7639,0.01,NA,NA
plate2,6_B2,S172,37,NA,NA,NA
plate2,6_B8,S180,5510,0.36,0.353,NA
plate2,6_C2,S188,5504,0.01,NA,NA
plate2,6_D11,S117,6523,0.73,0.645,NA
plate2,6_D2,S101,3566,0.01,NA,NA
plate2,6_D8,S109,3312,0.01,NA,NA
plate2,6_E1,S125,5008,0.58,0.524,NA
plate2,6_E6,S133,134,0.41,0.375,NA
plate2,6_F9,S141,5682,0.15,0.168,NA
plate2,6_G1,S149,4844,0.05,0.075,NA
plate2,6_H1,S157,3462,0.01,NA,NA
plate2,6_H2,S165,6025,0.01,NA,NA
plate2,6_H4,S173,6355,0.01,NA,NA
plate2,7_B1,S181,6522,0.45,0.479,NA
plate2,7_B3,S189,4437,0.3,0.404,NA
plate2,7_C3,S102,4082,0.87,0.747,NA
plate2,7_C6,S110,8435,0.01,NA,NA
plate2,7_D2,S118,6463,0.6,0.441,NA
plate2,7_E1,S126,4861,0.59,0.613,NA
plate2,7_E10,S158,5155,0.46,0.423,NA
plate2,7_E2,S134,5969,0.85,0.689,NA
plate2,7_E5,S142,6453,0.36,0.285,NA
plate2,7_E6,S150,7352,0.48,0.491,NA
plate2,7_F4,S166,8077,0.44,0.382,NA
plate2,7_F8,S174,8601,0.18,0.138,NA
plate2,7_G2,S182,1767,0.93,0.783,NA
plate2,7_G5,S190,4614,0.58,0.538,NA
plate2,7_H1,S103,2250,0.81,0.685,NA
plate2,7_H2,S111,4375,0.07,0.056,NA
plate2,8_A5,S119,4851,0.39,0.344,NA
plate2,8_B11,S135,4660,0.01,NA,NA
plate2,8_B3,S127,5841,0.22,0.158,NA
plate2,8_C2,S143,6754,0.39,0.429,NA
plate2,8_C6,S151,6126,0.51,0.426,NA
plate2,8_D4,S159,3015,0.64,0.588,NA
plate2,8_D6,S167,6930,0.82,0.773,NA
plate2,8_E7,S175,4577,0.83,0.761,NA
plate2,8_E9,S183,5242,0.01,NA,NA
plate2,8_G1,S191,4861,0.75,0.645,NA
plate2,8_G2,S104,4379,0.15,0.134,NA
plate2,8_G3,S112,112,0.26,NA,NA
plate2,8_G4,S120,90,NA,NA,NA
plate2,9_A10,S128,3842,0.55,0.523,NA
plate2,9_B10,S144,6625,0.78,0.733,NA
plate2,9_B12,S152,4655,0.52,0.516,NA
plate2,9_B4,S136,3537,0.95,0.812,NA
plate2,9_C1,S160,5635,0.02,NA,NA
plate2,9_C10,S192,3125,0.02,NA,NA
plate2,9_C4,S168,198,0.11,NA,NA
plate2,9_C5,S176,3607,0.63,0.584,NA
plate2,9_C6,S184,2380,0.01,NA,NA
plate3,10_A11,S270,53,0.55,NA,NA
plate3,10_A3,S202,84,NA,0.5,NA
plate3,10_B12,S199,50,0.62,NA,NA
plate3,10_B5,S276,475,0.44,0.438,NA
plate3,10_C2,S210,91,NA,NA,NA
plate3,10_C5,S217,79,NA,NA,NA
plate3,10_C8,S224,94,0.36,NA,NA
plate3,10_E2,S231,71,NA,NA,NA
plate3,10_E7,S238,139,NA,NA,NA
plate3,10_F2,S245,77,NA,NA,NA
plate3,10_F4,S207,56,0.56,NA,NA
plate3,10_F9,S252,58,NA,NA,NA
plate3,10_G2,S259,65,NA,NA,NA
plate3,10_G9,S266,299,0.17,0.111,NA
plate3,10_H12,S194,56,0.47,0.636,NA
plate3,1_B1,S195,41,NA,NA,NA
plate3,1_B4,S203,90,NA,NA,NA
plate3,1_C1,S211,73,NA,NA,NA
plate3,1_D1,S218,20,NA,NA,NA
plate3,1_F10,S225,82,NA,NA,NA
plate3,1_G5,S232,324,0.43,0.51,NA
plate3,1_G7,S239,94,NA,NA,NA
plate3,2_C10,S246,65,NA,NA,NA
plate3,2_D1,S253,210,NA,NA,NA
plate3,2_G11,S267,288,NA,NA,NA
plate3,2_G2,S260,160,0.26,0.211,NA
plate3,3_B10,S204,46,NA,NA,NA
plate3,3_B6,S273,113,0.51,0.714,NA
plate3,3_B9,S196,41,NA,NA,NA
plate3,3_C11,S212,99,NA,NA,NA
plate3,3_D11,S219,60,NA,NA,NA
plate3,3_E8,S226,92,0.36,NA,NA
plate3,4_B8,S233,77,0.48,NA,NA
plate3,4_C12,S240,97,NA,NA,NA
plate3,4_E2,S247,76,NA,NA,NA
plate3,5_A8,S254,58,NA,NA,NA
plate3,5_A9,S261,74,0.62,0.667,NA
plate3,5_B11,S268,55,NA,NA,NA
plate3,5_B12,S274,49,NA,NA,NA
plate3,5_D1,S197,40,NA,NA,NA
plate3,5_D11,S213,83,NA,NA,NA
plate3,5_D6,S205,53,NA,0.429,NA
plate3,5_F10,S220,58,NA,NA,NA
plate3,5_G11,S227,76,NA,NA,NA
plate3,6_F12,S234,124,0.36,0.333,NA
plate3,7_D6,S241,73,NA,NA,NA
plate3,7_F3,S248,100,0.39,0.571,NA
plate3,7_F6,S255,33,NA,NA,NA
plate3,7_G6,S262,44,NA,NA,NA
plate3,8_A3,S269,110,0.32,NA,NA
plate3,8_D11,S275,53,0.5,NA,NA
plate3,8_F11,S198,48,NA,0.455,NA
plate3,8_G11,S206,41,NA,NA,NA
plate3,8_H10,S214,73,NA,NA,NA
plate3,9_B6,S221,68,NA,NA,NA
plate3,9_C11,S228,72,NA,NA,NA
plate3,9_D1,S193,34,NA,NA,NA
plate3,9_D12,S201,50,NA,NA,NA
plate3,9_D4,S235,335,0.33,0.244,NA
plate3,9_D9,S242,202,NA,NA,NA
plate3,9_E11,S223,74,NA,NA,NA
plate3,9_E2,S209,80,NA,NA,NA
plate3,9_E7,S216,56,NA,NA,NA
plate3,9_F12,S249,267,0.27,0.368,NA
plate3,9_F3,S230,90,NA,NA,NA
plate3,9_F9,S237,53,NA,NA,NA
plate3,9_G10,S272,47,NA,NA,NA
plate3,9_G2,S244,76,NA,NA,NA
plate3,9_G4,S251,59,NA,0.6,NA
plate3,9_G5,S258,43,NA,NA,NA
plate3,9_G6,S256,126,NA,NA,NA
plate3,9_G8,S265,493,0.39,0.39,NA
plate3,9_H8,S263,38,NA,NA,NA
