Sort_id,Snumber,Depth,VAF.varscan,VAF.mutect,VAF.platypus,mean_VAF,DNMT3A,Plate_well,exp,fcs.name,SingleCells.count,NonEry.count,CD56neg.count,CD14neg.count,IntermediateNeut.count,IntermediateNeut.freq.of.CD14neg,MatureNeut.count,MatureNeut.freq.of.CD14neg,MatureNeut.FSC.A,MatureNeut.SSC.A,EarlyNeut.count,EarlyNeut.freq.of.CD14neg,Mono.count,Mono.freq.of.NonEry,Mono.freq.of.CD56neg,Mono.CD11b.Median,Mono.CD14.Median,Mono.FSC.A,Mono.SSC.A,Mono2.count,Mono2.freq.of.NonEry,Mono2.freq.of.CD56neg,Mono2.CD11b.Median,Mono2.CD14.Median,Mono2.FSC.A,Mono2.SSC.A,Ery.count,IntermediateNeut.FSC.A,IntermediateNeut.SSC.A,EarlyNeut.FSC.A,EarlyNeut.SSC.A,TrueFalse,FSC_A,FSC_W,SSC_A,CLEC9A,CD49f,CD38,CD45RA,CD34,CD90,Zom,CD33,CD19,CD7_10,CD45,Time,Cell_seeded
9_E7,S216,56,NA,NA,NA,0,WT,plate3_A04,ARCH1,LEUK4_plate3_FACS_A4_A04_004.fcs,12660,12659,12389,12084,NA,NA,NA,NA,NA,NA,NA,NA,273,2.16,2.2,2782,1979,112384,62592,270,2.13,2.18,2766,1987,111872,62400,0,NA,NA,NA,NA,TRUE,95693,82840,34342,136,3355,342,72,13341,226,157,-565,-82,-79,2136,17643,HSC
3_E2,S82,57,NA,NA,NA,0,WT,plate1_B11,ARCH1,LEUK4_plate1_FACS_B11_B11_023.fcs,5595,5589,5587,5576,NA,NA,NA,NA,NA,NA,NA,NA,10,0.18,0.18,2048,6718,122496,60224,10,0.18,0.18,2048,6718,122496,60224,0,NA,NA,NA,NA,TRUE,120699,94589,43445,94,432,341,91,5120,571,184,-131,73,11,680,3324,HSC
10_F9,S252,58,NA,NA,NA,0,WT,plate3_B09,ARCH1,LEUK4_plate3_FACS_B9_B09_021.fcs,12516,12514,12487,12249,NA,NA,NA,NA,NA,NA,NA,NA,215,1.72,1.72,1649,3151,136448,54720,215,1.72,1.72,1649,3151,136448,54720,0,NA,NA,NA,NA,TRUE,103813,84585,40819,323,7400,113,408,13347,135,107,-355,77,-87,1906,14855,HSC
9_G4,S251,59,NA,0.6,NA,0.6,MUT,plate3_A09,ARCH1,LEUK4_plate3_FACS_A9_A09_009.fcs,10219,10213,10189,2911,NA,NA,NA,NA,NA,NA,NA,NA,7147,70,70.1,2899,9951,122944,58048,7147,70,70.1,2899,9951,122944,58048,4,NA,NA,NA,NA,TRUE,110592,87252,34674,476,5722,-125,247,15192,2020,141,-989,113,-106,2307,24804,HSC
10_G2,S259,65,NA,NA,NA,0,WT,plate3_B10,ARCH1,LEUK4_plate3_FACS_B10_B10_022.fcs,13294,13291,13222,10035,NA,NA,NA,NA,NA,NA,NA,NA,3119,23.5,23.6,4125,5604,128256,76096,3119,23.5,23.6,4125,5604,128256,76096,0,NA,NA,NA,NA,TRUE,96661,86481,34293,325,984,-208,121,10747,633,197,-242,178,-77,3000,19967,HSC
6_C3,S60,72,NA,NA,NA,0,WT,plate1_D08,ARCH1,LEUK4_plate1_FACS_D8_D08_044.fcs,36654,36644,36360,22912,NA,NA,NA,NA,NA,NA,NA,NA,12699,34.7,34.9,1342,5302,131648,58432,12699,34.7,34.9,1342,5302,131648,58432,0,NA,NA,NA,NA,TRUE,79531,82354,27160,2,732,267,77,14128,1792,77,112,-53,-81,2089,13184,HSC
9_E11,S223,74,NA,NA,NA,0,WT,plate3_A05,ARCH1,LEUK4_plate3_FACS_A5_A05_005.fcs,41099,41082,40545,15391,NA,NA,NA,NA,NA,NA,NA,NA,24483,59.6,60.4,2490,5862,112448,51072,24478,59.6,60.4,2490,5862,112448,51072,1,NA,NA,NA,NA,TRUE,97739,82857,33541,869,2491,-324,118,15822,824,167,-438,144,-117,3445,18901,HSC
9_G2,S244,76,NA,NA,NA,0,WT,plate3_A08,ARCH1,LEUK4_plate3_FACS_A8_A08_008.fcs,39407,21056,20995,13396,NA,NA,NA,NA,NA,NA,NA,NA,7341,34.9,35,2744,8448,110528,55360,7341,34.9,35,2744,8448,110528,55360,16619,NA,NA,NA,NA,TRUE,109847,88122,38550,404,20600,396,204,15432,284,177,-1869,53,-16,5048,24257,HSC
10_F2,S245,77,NA,NA,NA,0,WT,plate3_B08,ARCH1,LEUK4_plate3_FACS_B8_B08_020.fcs,8971,8969,8843,8445,NA,NA,NA,NA,NA,NA,NA,NA,357,3.98,4.04,2799,2442,111360,73984,352,3.92,3.98,2799,2442,111232,73920,0,NA,NA,NA,NA,TRUE,97535,84830,40475,-3,5810,176,199,19504,378,173,-732,257,-153,2387,18275,HSC
10_C5,S217,79,NA,NA,NA,0,WT,plate3_B04,ARCH1,LEUK4_plate3_FACS_B4_B04_016.fcs,7143,7139,6992,6411,NA,NA,NA,NA,NA,NA,NA,NA,543,7.61,7.77,1218,4416,100416,62976,542,7.59,7.75,1211,4416,100416,62912,0,NA,NA,NA,NA,TRUE,96581,84835,48308,320,14126,-306,312,15226,207,171,-1046,262,-55,2168,9966,HSC
9_E2,S209,80,NA,NA,NA,0,WT,plate3_A03,ARCH1,LEUK4_plate3_FACS_A3_A03_003.fcs,17720,17717,17546,10603,NA,NA,NA,NA,NA,NA,NA,NA,6622,37.4,37.7,1846,6107,119552,49920,6622,37.4,37.7,1846,6107,119552,49920,0,NA,NA,NA,NA,TRUE,105382,85371,46039,342,11447,-238,147,13763,2598,198,-977,83,-55,2986,16045,HSC
10_A3,S202,84,NA,0.5,NA,0.5,MUT,plate3_B02,ARCH1,LEUK4_plate3_FACS_B2_B02_014.fcs,39191,39183,39010,36799,NA,NA,NA,NA,NA,NA,NA,NA,2129,5.43,5.46,3292,4308,111232,63488,2128,5.43,5.46,3292,4308,111232,63488,1,NA,NA,NA,NA,TRUE,99259,82402,23240,547,1924,231,20,13911,2192,230,-489,43,-97,3248,2283,HSC
8_G4,S120,90,NA,NA,NA,0,WT,plate2_H03,ARCH1,LEUK4_plate2_FACS_H3_H03_087.fcs,13878,13876,13861,13560,NA,NA,NA,NA,NA,NA,NA,NA,292,2.1,2.11,2723,7697,136832,89216,287,2.07,2.07,2723,7921,137280,88640,0,NA,NA,NA,NA,TRUE,100032,85182,34065,217,3977,-6,88,17820,855,127,-1019,94,-72,2324,31844,HSC
9_F3,S230,90,NA,NA,NA,0,WT,plate3_A06,ARCH1,LEUK4_plate3_FACS_A6_A06_006.fcs,47472,47455,45280,31879,NA,NA,NA,NA,NA,NA,NA,NA,12899,27.2,28.5,2549,5018,104576,48768,12898,27.2,28.5,2549,5018,104576,48768,1,NA,NA,NA,NA,TRUE,75263,78612,32451,-94,1314,-181,95,10989,1072,138,117,4,-58,2153,23142,HSC
6_G6,S76,91,NA,NA,NA,0,WT,plate1_D10,ARCH1,LEUK4_plate1_FACS_D10_D10_046.fcs,18184,18182,18118,6012,NA,NA,NA,NA,NA,NA,NA,NA,11905,65.5,65.7,4167,6226,144000,85696,11900,65.4,65.7,4167,6240,144000,85696,0,NA,NA,NA,NA,TRUE,99578,84522,33756,446,4322,83,138,10949,509,129,-89,144,-49,2052,34418,HSC
10_C2,S210,91,NA,NA,NA,0,WT,plate3_B03,ARCH1,LEUK4_plate3_FACS_B3_B03_015.fcs,52620,52613,52546,21515,NA,NA,NA,NA,NA,NA,NA,NA,29518,56.1,56.2,1337,5462,110336,44608,29515,56.1,56.2,1337,5462,110336,44608,0,NA,NA,NA,NA,TRUE,88358,81186,33540,275,194,202,57,5010,288,84,23,-13,-12,449,9165,HSC
10_C8,S224,94,0.36,NA,NA,0.36,MUT,plate3_B05,ARCH1,LEUK4_plate3_FACS_B5_B05_017.fcs,11974,8553,8526,6273,NA,NA,NA,NA,NA,NA,NA,NA,2193,25.6,25.7,2240,10179,115200,59584,2192,25.6,25.7,2240,10179,115136,59584,3173,NA,NA,NA,NA,TRUE,92424,82188,27261,254,3817,-153,228,14677,1113,160,-227,116,-80,3847,10787,HSC
5_F1,S28,101,0.27,NA,NA,0.27,MUT,plate1_D04,ARCH1,LEUK4_plate1_FACS_D4_D04_040.fcs,24768,15059,14894,6806,NA,NA,NA,NA,NA,NA,NA,NA,7929,52.7,53.2,3227,10723,121856,68736,7927,52.6,53.2,3227,10723,121856,68736,9210,NA,NA,NA,NA,TRUE,101118,83358,32149,534,1269,394,91,13032,434,251,-347,14,-49,2254,24856,HSC
1_A2,S97,112,NA,NA,NA,0,WT,plate2_A01,ARCH1,LEUK4_plate2_FACS_A1_A01_001.fcs,11808,11806,11802,11446,NA,NA,NA,NA,NA,NA,NA,NA,329,2.79,2.79,1345,5060,104960,58304,323,2.74,2.74,1345,5180,104960,57536,0,NA,NA,NA,NA,TRUE,72738,78169,29078,96,861,-311,102,10898,263,133,-112,109,-63,1367,2616,HSC
8_G3,S112,112,0.26,NA,NA,0.26,MUT,plate2_H02,ARCH1,LEUK4_plate2_FACS_H2_H02_086.fcs,5252,5198,4988,4059,NA,NA,NA,NA,NA,NA,NA,NA,908,17.5,18.2,3386,8189,119296,83008,906,17.4,18.2,3386,8226,119104,82944,29,NA,NA,NA,NA,TRUE,101555,83972,41001,-41,802,-151,-2,4532,408,129,-24,-1,38,947,31588,HSC
1_B3,S1,113,0.48,0.765,NA,0.6225,MUT,plate1_A01,ARCH1,LEUK4_plate1_FACS_A1_A01_001.fcs,44962,44953,44613,24028,NA,NA,NA,NA,NA,NA,NA,NA,19877,44.2,44.6,2068,5114,110272,49024,19873,44.2,44.5,2068,5114,110272,49024,0,NA,NA,NA,NA,TRUE,66610,80923,23453,77,1649,-30,145,13841,662,154,-340,-63,-76,1775,9224,HSC
3_C4,S146,128,0.18,NA,NA,0.18,MUT,plate2_B07,ARCH1,LEUK4_plate2_FACS_B7_B07_019.fcs,15876,9570,9551,8150,NA,NA,NA,NA,NA,NA,NA,NA,1339,14,14,1686,9095,110272,66560,1337,14,14,1686,9156,110272,66560,5929,NA,NA,NA,NA,TRUE,80168,81446,28173,5,1296,39,176,12787,153,129,-421,129,-72,2273,9908,HSC
1_B6,S9,133,0.44,0.333,NA,0.3865,MUT,plate1_A02,ARCH1,LEUK4_plate1_FACS_A2_A02_002.fcs,47211,47206,46427,32842,NA,NA,NA,NA,NA,NA,NA,NA,13186,27.9,28.4,2981,4682,109120,51008,13181,27.9,28.4,2981,4682,109120,51008,0,NA,NA,NA,NA,TRUE,89921,84499,29923,682,11404,-212,107,12148,821,149,-1160,146,-19,2076,8430,HSC
6_E6,S133,134,0.41,0.375,NA,0.39249999999999996,MUT,plate2_E05,ARCH1,LEUK4_plate2_FACS_E5_E05_053.fcs,1565,568,567,567,NA,NA,NA,NA,NA,NA,NA,NA,0,0,0,NA,NA,NA,NA,0,0,0,NA,NA,NA,NA,749,NA,NA,NA,NA,TRUE,104772,84070,48243,279,1656,384,78,14279,442,187,68,131,-58,2486,23926,HSC
9_F1,S78,171,0.22,NA,NA,0.22,MUT,plate1_F10,ARCH1,LEUK4_plate1_FACS_F10_F10_070.fcs,35356,35349,35251,23532,NA,NA,NA,NA,NA,NA,NA,NA,11414,32.3,32.4,2323,4821,115200,64896,11406,32.3,32.4,2323,4821,115136,64896,0,NA,NA,NA,NA,TRUE,82514,82284,22465,147,3278,387,117,14910,158,75,-450,31,-63,2866,23693,HSC
9_C4,S168,198,0.11,NA,NA,0.11,MUT,plate2_H09,ARCH1,LEUK4_plate2_FACS_H9_H09_093.fcs,12794,12791,12783,12742,NA,NA,NA,NA,NA,NA,NA,NA,39,0.3,0.31,1509,3511,134784,77696,39,0.3,0.31,1509,3511,134784,77696,1,NA,NA,NA,NA,TRUE,97133,83948,36181,221,2210,378,53,12762,242,142,-228,126,-102,2495,9180,HSC
8_F1,S93,212,0.42,0.364,NA,0.392,MUT,plate1_E12,ARCH1,LEUK4_plate1_FACS_E12_E12_060.fcs,42411,42403,41813,34658,NA,NA,NA,NA,NA,NA,NA,NA,6993,16.5,16.7,3163,7095,124736,69760,6990,16.5,16.7,3163,7095,124736,69760,1,NA,NA,NA,NA,TRUE,73170,80919,34876,463,3987,279,207,18618,1410,145,-868,65,-108,2546,30850,HSC
7_C4,S5,223,NA,NA,NA,0,WT,plate1_E01,ARCH1,LEUK4_plate1_FACS_E1_E01_049.fcs,29499,29494,29202,23882,NA,NA,NA,NA,NA,NA,NA,NA,5137,17.4,17.6,4862,3386,132928,83712,5136,17.4,17.6,4862,3379,132928,83712,0,NA,NA,NA,NA,TRUE,124511,97139,79217,39879,33348,174,462,13726,853,233,-2754,337,-51,5053,11262,HSC
7_G1,S45,234,0.35,0.263,NA,0.3065,MUT,plate1_E06,ARCH1,LEUK4_plate1_FACS_E6_E06_054.fcs,38683,38573,35789,26715,NA,NA,NA,NA,NA,NA,NA,NA,8762,22.7,24.5,2297,5616,105024,50496,8761,22.7,24.5,2297,5628,105024,50496,1,NA,NA,NA,NA,TRUE,105765,86147,38667,187,2447,-259,302,16396,1103,250,-577,88,-68,3165,28809,HSC
4_B6,S51,244,NA,NA,NA,0,WT,plate1_C07,ARCH1,LEUK4_plate1_FACS_C7_C07_031.fcs,27165,27161,27126,21751,NA,NA,NA,NA,NA,NA,NA,NA,5088,18.7,18.8,1445,5427,115008,49472,5086,18.7,18.7,1445,5427,115008,49472,1,NA,NA,NA,NA,TRUE,97034,84106,32406,114,5661,-314,97,14016,1809,182,-557,142,-82,3359,7316,HSC
4_H4,S83,267,0.38,0.516,NA,0.448,MUT,plate1_C11,ARCH1,LEUK4_plate1_FACS_C11_C11_035.fcs,34151,34144,34040,16734,NA,NA,NA,NA,NA,NA,NA,NA,16630,48.7,48.9,2396,3902,136832,77376,16599,48.6,48.8,2396,3910,136832,77248,0,NA,NA,NA,NA,TRUE,102299,85394,39054,327,1568,-383,194,11938,539,198,53,69,-93,2692,32364,HSC
10_G9,S266,299,0.17,0.111,NA,0.1405,MUT,plate3_B11,ARCH1,LEUK4_plate3_FACS_B11_B11_023.fcs,25087,25085,25052,10085,NA,NA,NA,NA,NA,NA,NA,NA,14619,58.3,58.4,3959,4604,123904,61568,14614,58.3,58.3,3959,4604,123904,61568,0,NA,NA,NA,NA,TRUE,76216,78749,23254,50,417,260,51,4611,108,110,-91,-57,-4,441,24415,HSC
9_C8,S54,309,NA,NA,NA,0,WT,plate1_F07,ARCH1,LEUK4_plate1_FACS_F7_F07_067.fcs,41695,41682,39447,25346,NA,NA,NA,NA,NA,NA,NA,NA,13645,32.7,34.6,2665,5556,114112,52352,13644,32.7,34.6,2665,5556,114112,52352,1,NA,NA,NA,NA,TRUE,109140,85863,40265,29,5228,153,374,19912,2757,242,-577,157,-157,3532,10261,HSC
1_B5,S113,319,0.48,0.385,NA,0.4325,MUT,plate2_A03,ARCH1,LEUK4_plate2_FACS_A3_A03_003.fcs,16986,16985,16954,15036,NA,NA,NA,NA,NA,NA,NA,NA,1864,11,11,3686,5291,112000,58560,1862,11,11,3693,5291,111936,58560,0,NA,NA,NA,NA,TRUE,70477,81516,23776,1059,1910,-95,68,10946,412,155,-498,-58,-63,1891,8698,HSC
3_E1,S162,337,0.1,0.121,NA,0.1105,MUT,plate2_B09,ARCH1,LEUK4_plate2_FACS_B9_B09_021.fcs,12683,12604,12556,12072,NA,NA,NA,NA,NA,NA,NA,NA,464,3.68,3.7,2424,4509,108288,75008,462,3.67,3.68,2419,4518,107904,75008,60,NA,NA,NA,NA,TRUE,106014,87758,41126,8,917,3,14,5982,1212,162,-303,68,6,431,3118,HSC
1_E6,S41,369,0.73,0.7,NA,0.715,MUT,plate1_A06,ARCH1,LEUK4_plate1_FACS_A6_A06_006.fcs,42796,42781,41884,27531,NA,NA,NA,NA,NA,NA,NA,NA,13825,32.3,33,2428,4537,108224,56832,13823,32.3,33,2428,4537,108224,56832,0,NA,NA,NA,NA,TRUE,97994,84207,41099,569,1052,79,0,5620,228,192,-295,60,6,531,18076,HSC
7_F1,S29,380,0.41,0.283,NA,0.3465,MUT,plate1_E04,ARCH1,LEUK4_plate1_FACS_E4_E04_052.fcs,25067,25061,24862,21739,NA,NA,NA,NA,NA,NA,NA,NA,3056,12.2,12.3,4556,8854,143616,96448,3055,12.2,12.3,4566,8873,143616,96448,1,NA,NA,NA,NA,TRUE,100443,84071,48596,335,4045,163,171,7484,198,180,-352,81,-40,1054,28564,HSC
8_C3,S69,390,0.43,0.569,NA,0.49949999999999994,MUT,plate1_E09,ARCH1,LEUK4_plate1_FACS_E9_E09_057.fcs,35963,35956,34968,30452,NA,NA,NA,NA,NA,NA,NA,NA,4435,12.3,12.7,4193,7782,137920,89728,4435,12.3,12.7,4193,7782,137920,89728,0,NA,NA,NA,NA,TRUE,99505,84731,32621,564,2826,307,-3,14780,539,171,-113,291,-104,3523,11405,HSC
1_F3,S49,400,0.49,0.6,NA,0.5449999999999999,MUT,plate1_A07,ARCH1,LEUK4_plate1_FACS_A7_A07_007.fcs,10783,10770,10254,7209,NA,NA,NA,NA,NA,NA,NA,NA,2962,27.5,28.9,4016,8448,148928,98240,2960,27.5,28.9,4016,8467,148928,98240,0,NA,NA,NA,NA,TRUE,96126,85078,38152,939,2922,299,77,10418,1236,171,-303,-11,7,2332,23522,HSC
8_D3,S85,410,NA,NA,NA,0,WT,plate1_E11,ARCH1,LEUK4_plate1_FACS_E11_E11_059.fcs,29826,29813,29604,16425,NA,NA,NA,NA,NA,NA,NA,NA,12650,42.4,42.7,1874,7173,121280,59840,12643,42.4,42.7,1874,7189,121216,59840,0,NA,NA,NA,NA,TRUE,95339,84372,31061,-82,2205,-392,92,13230,275,110,-318,63,-103,3583,20435,HSC
1_E5,S33,414,0.51,0.538,NA,0.524,MUT,plate1_A05,ARCH1,LEUK4_plate1_FACS_A5_A05_005.fcs,30522,30514,30246,23874,NA,NA,NA,NA,NA,NA,NA,NA,6195,20.3,20.5,3739,5103,119296,70016,6191,20.3,20.5,3739,5103,119296,70016,0,NA,NA,NA,NA,TRUE,99459,87162,51558,830,16221,-200,297,16710,3190,161,-1796,179,-128,3699,17834,HSC
7_D5,S13,420,0.4,0.37,NA,0.385,MUT,plate1_E02,ARCH1,LEUK4_plate1_FACS_E2_E02_050.fcs,18453,18446,18269,8598,NA,NA,NA,NA,NA,NA,NA,NA,9490,51.4,51.9,2614,6545,131136,85952,9489,51.4,51.9,2614,6545,131136,85952,0,NA,NA,NA,NA,TRUE,99166,85143,43835,197,5454,323,269,14404,191,143,-476,-54,-44,1725,16673,HSC
4_F1,S75,442,0.04,NA,NA,0.04,MUT,plate1_C10,ARCH1,LEUK4_plate1_FACS_C10_C10_034.fcs,36685,36669,36416,24490,NA,NA,NA,NA,NA,NA,NA,NA,11495,31.3,31.6,2480,3983,127872,66048,11475,31.3,31.5,2480,3991,127872,65920,0,NA,NA,NA,NA,TRUE,91553,83722,37701,465,2835,-24,92,9345,1723,221,-321,108,-17,2508,25037,HSC
9_H3,S15,451,0.39,0.373,NA,0.3815,MUT,plate1_G02,ARCH1,LEUK4_plate1_FACS_G2_G02_074.fcs,31569,31557,29896,26181,NA,NA,NA,NA,NA,NA,NA,NA,3580,11.3,12,2899,4662,112704,55232,3579,11.3,12,2899,4662,112704,55232,0,NA,NA,NA,NA,TRUE,113612,87867,45709,121,2783,-608,236,17262,432,166,-194,282,-108,4241,30689,HSC
9_G8,S265,493,0.39,0.39,NA,0.39,MUT,plate3_A11,ARCH1,LEUK4_plate3_FACS_A11_A11_011.fcs,15229,15222,14277,12022,NA,NA,NA,NA,NA,NA,NA,NA,2166,14.2,15.2,4159,5302,133696,81728,2166,14.2,15.2,4159,5302,133696,81728,0,NA,NA,NA,NA,TRUE,100771,85663,40098,267,4012,358,177,15774,247,140,-15,249,-107,2164,26031,HSC
10_C6,S55,614,0.66,0.557,NA,0.6085,MUT,plate1_G07,ARCH1,LEUK4_plate1_FACS_G7_G07_079.fcs,21166,21162,20945,15165,NA,NA,NA,NA,NA,NA,NA,NA,5688,26.9,27.2,4955,7974,139904,88448,5687,26.9,27.2,4955,7974,139904,88448,0,NA,NA,NA,NA,TRUE,92861,83138,32273,269,2174,430,53,4354,284,120,165,-8,8,824,10182,HSC
10_D7,S63,618,0.58,0.494,NA,0.5369999999999999,MUT,plate1_G08,ARCH1,LEUK4_plate1_FACS_G8_G08_080.fcs,50001,49980,49439,28107,NA,NA,NA,NA,NA,NA,NA,NA,20623,41.3,41.7,2219,6093,106944,49088,20621,41.3,41.7,2219,6093,106944,49088,0,NA,NA,NA,NA,TRUE,93789,83352,32714,-1,2340,383,258,16131,629,111,-365,10,-89,2362,4072,HSC
1_F4,S57,679,NA,NA,NA,0,WT,plate1_A08,ARCH1,LEUK4_plate1_FACS_A8_A08_008.fcs,30084,30079,29573,12610,NA,NA,NA,NA,NA,NA,NA,NA,16574,55.1,56,2466,6120,114240,59840,16569,55.1,56,2466,6133,114240,59840,0,NA,NA,NA,NA,TRUE,97381,84055,29667,296,4160,202,21,13032,1337,167,-376,12,-47,3208,23288,HSC
2_F6,S58,703,0.66,0.573,NA,0.6165,MUT,plate1_B08,ARCH1,LEUK4_plate1_FACS_B8_B08_020.fcs,27687,27682,27158,20270,NA,NA,NA,NA,NA,NA,NA,NA,6733,24.3,24.8,3604,7269,124032,67712,6733,24.3,24.8,3604,7269,124032,67712,0,NA,NA,NA,NA,TRUE,109102,85454,37235,307,4918,429,261,17755,181,161,-836,96,-103,4549,22483,HSC
5_D5,S12,834,0.2,0.207,NA,0.20350000000000001,MUT,plate1_D02,ARCH1,LEUK4_plate1_FACS_D2_D02_038.fcs,37534,37532,37471,19329,NA,NA,NA,NA,NA,NA,NA,NA,17152,45.7,45.8,1373,5676,120000,49088,17152,45.7,45.8,1373,5676,120000,49088,0,NA,NA,NA,NA,TRUE,101132,88169,45719,922,14733,158,198,14002,1491,224,-1693,58,-11,3045,16176,HSC
10_C4,S47,948,NA,NA,NA,0,WT,plate1_G06,ARCH1,LEUK4_plate1_FACS_G6_G06_078.fcs,35399,35386,34314,17840,NA,NA,NA,NA,NA,NA,NA,NA,15769,44.6,46,2377,5103,113600,53120,15765,44.6,45.9,2377,5103,113600,53120,0,NA,NA,NA,NA,TRUE,93648,85356,26782,701,1449,-913,152,17804,1573,188,-548,93,-60,2279,9686,HSC
7_F5,S37,970,0.29,0.245,NA,0.26749999999999996,MUT,plate1_E05,ARCH1,LEUK4_plate1_FACS_E5_E05_053.fcs,64294,64283,63837,47527,NA,NA,NA,NA,NA,NA,NA,NA,15734,24.5,24.6,2328,5416,101120,46720,15733,24.5,24.6,2328,5416,101120,46720,0,NA,NA,NA,NA,TRUE,81911,81638,28788,205,2350,366,80,11957,516,110,-152,63,-54,3088,27386,HSC
4_H5,S91,1063,0.88,0.781,NA,0.8305,MUT,plate1_C12,ARCH1,LEUK4_plate1_FACS_C12_C12_036.fcs,16958,16949,16178,12199,NA,NA,NA,NA,NA,NA,NA,NA,3912,23.1,24.2,3942,7646,137536,90752,3911,23.1,24.2,3942,7646,137536,90752,0,NA,NA,NA,NA,TRUE,72435,80587,29544,181,2299,299,201,11842,385,169,-328,70,-68,1999,32057,HSC
5_C2,S4,1151,NA,NA,NA,0,WT,plate1_D01,ARCH1,LEUK4_plate1_FACS_D1_D01_037.fcs,18396,18272,15543,9872,NA,NA,NA,NA,NA,NA,NA,NA,5249,28.7,33.8,1161,4361,106816,47936,5228,28.6,33.6,1159,4361,106944,48064,0,NA,NA,NA,NA,TRUE,93861,85143,41077,606,13184,154,-75,14812,1279,214,-991,87,-43,3105,10056,HSC
8_A1,S61,1158,NA,NA,NA,0,WT,plate1_E08,ARCH1,LEUK4_plate1_FACS_E8_E08_056.fcs,24343,24334,24083,11224,NA,NA,NA,NA,NA,NA,NA,NA,12592,51.7,52.3,3004,5302,129600,78080,12590,51.7,52.3,3004,5302,129600,78080,0,NA,NA,NA,NA,TRUE,87764,81530,26275,98,897,-778,157,12435,647,127,-37,93,-61,2498,629,HSC
3_F3,S3,1161,0.64,0.577,NA,0.6085,MUT,plate1_C01,ARCH1,LEUK4_plate1_FACS_C1_C01_025.fcs,36860,36857,36740,31577,NA,NA,NA,NA,NA,NA,NA,NA,5043,13.7,13.7,3855,4692,137088,86272,5038,13.7,13.7,3863,4692,137088,86272,0,NA,NA,NA,NA,TRUE,110631,89878,41308,546,3540,387,50,6401,1406,188,-176,167,-64,1123,9413,HSC
9_F8,S7,1166,NA,NA,NA,0,WT,plate1_G01,ARCH1,LEUK4_plate1_FACS_G1_G01_073.fcs,41048,41040,39994,19854,NA,NA,NA,NA,NA,NA,NA,NA,19550,47.6,48.9,2466,6460,110592,52928,19549,47.6,48.9,2466,6460,110592,52928,0,NA,NA,NA,NA,TRUE,105047,86820,38791,542,20288,-428,211,17762,291,180,-1580,136,-60,3632,20775,HSC
9_E5,S70,1167,0.07,0.066,NA,0.068,MUT,plate1_F09,ARCH1,LEUK4_plate1_FACS_F9_F09_069.fcs,13321,13319,12917,7201,NA,NA,NA,NA,NA,NA,NA,NA,5596,42,43.3,3246,6573,161920,113728,5592,42,43.3,3253,6573,161920,113728,0,NA,NA,NA,NA,TRUE,108720,94719,45559,624,22640,-129,60,15394,1438,142,-1672,190,-8,3208,16967,HSC
7_H5,S53,1242,0.38,0.329,NA,0.35450000000000004,MUT,plate1_E07,ARCH1,LEUK4_plate1_FACS_E7_E07_055.fcs,29785,29781,29399,22069,NA,NA,NA,NA,NA,NA,NA,NA,7080,23.8,24.1,1853,5336,106048,61120,7078,23.8,24.1,1853,5336,105984,61120,0,NA,NA,NA,NA,TRUE,83596,81748,34310,298,1287,384,143,3550,739,127,-150,75,38,986,39091,HSC
8_H6,S6,1249,NA,NA,NA,0,WT,plate1_F01,ARCH1,LEUK4_plate1_FACS_F1_F01_061.fcs,34007,33992,33718,19167,NA,NA,NA,NA,NA,NA,NA,NA,14123,41.5,41.9,2619,4965,119488,67904,14116,41.5,41.9,2619,4965,119488,67904,0,NA,NA,NA,NA,TRUE,82675,81102,23633,-22,914,-431,165,13325,240,152,-94,215,-135,2321,38057,HSC
2_A4,S2,1252,0.12,0.131,NA,0.1255,MUT,plate1_B01,ARCH1,LEUK4_plate1_FACS_B1_B01_013.fcs,35659,35654,34998,29080,NA,NA,NA,NA,NA,NA,NA,NA,5794,16.3,16.6,3967,5616,128960,75136,5794,16.3,16.6,3967,5616,128960,75136,0,NA,NA,NA,NA,TRUE,89437,83250,33217,19,3269,-519,178,14216,340,143,-182,31,-44,2812,1908,HSC
2_C1,S26,1263,0.58,0.58,NA,0.58,MUT,plate1_B04,ARCH1,LEUK4_plate1_FACS_B4_B04_016.fcs,35410,35402,35034,26087,NA,NA,NA,NA,NA,NA,NA,NA,8786,24.8,25.1,4032,6349,123392,70976,8784,24.8,25.1,4032,6349,123392,70976,0,NA,NA,NA,NA,TRUE,104039,84691,34956,207,4745,425,-1,6360,531,200,-766,25,62,798,9046,HSC
4_C5,S59,1302,0.41,0.401,NA,0.40549999999999997,MUT,plate1_C08,ARCH1,LEUK4_plate1_FACS_C8_C08_032.fcs,68376,68358,66301,34110,NA,NA,NA,NA,NA,NA,NA,NA,30689,44.9,46.3,1609,4721,110912,45440,30686,44.9,46.3,1606,4721,110912,45440,0,NA,NA,NA,NA,TRUE,80537,81863,28802,214,2033,164,89,16006,463,143,-282,-33,-113,3029,10223,HSC
2_B6,S10,1311,0.68,0.621,NA,0.6505000000000001,MUT,plate1_B02,ARCH1,LEUK4_plate1_FACS_B2_B02_014.fcs,65482,65460,65226,37692,NA,NA,NA,NA,NA,NA,NA,NA,26736,40.8,41,2168,4623,100544,45760,26726,40.8,41,2168,4623,100544,45760,0,NA,NA,NA,NA,TRUE,98904,86235,34799,440,8992,199,240,11594,1437,205,-459,55,-57,3192,7659,HSC
4_E1,S67,1530,0.51,0.516,NA,0.513,MUT,plate1_C09,ARCH1,LEUK4_plate1_FACS_C9_C09_033.fcs,22541,22532,21467,13624,NA,NA,NA,NA,NA,NA,NA,NA,7685,34.1,35.8,3678,5951,121728,67648,7682,34.1,35.8,3678,5951,121728,67584,0,NA,NA,NA,NA,TRUE,75778,76467,21402,296,3829,244,123,9595,271,166,-133,-35,-41,1948,17394,HSC
3_H2,S19,1549,0.27,0.247,NA,0.2585,MUT,plate1_C03,ARCH1,LEUK4_plate1_FACS_C3_C03_027.fcs,48426,48418,47964,20430,NA,NA,NA,NA,NA,NA,NA,NA,26877,55.5,56,2476,4965,105792,46976,26874,55.5,56,2476,4965,105792,46976,0,NA,NA,NA,NA,TRUE,92403,86995,32308,1034,16942,263,71,15997,495,206,-1847,134,-82,1830,17383,HSC
4_B2,S35,1549,0.01,NA,NA,0.01,WT,plate1_C05,ARCH1,LEUK4_plate1_FACS_C5_C05_029.fcs,48199,48194,47747,31107,NA,NA,NA,NA,NA,NA,NA,NA,16284,33.8,34.1,3083,6002,109440,59520,16281,33.8,34.1,3083,6002,109440,59520,0,NA,NA,NA,NA,TRUE,111917,85529,51117,-80,3253,7,111,16716,1668,268,-509,157,-57,2908,8642,HSC
5_H3,S36,1575,0.64,0.542,NA,0.591,MUT,plate1_D05,ARCH1,LEUK4_plate1_FACS_D5_D05_041.fcs,24695,24673,24454,14250,NA,NA,NA,NA,NA,NA,NA,NA,9956,40.4,40.7,2414,6173,121728,71040,9955,40.3,40.7,2414,6173,121728,71040,14,NA,NA,NA,NA,TRUE,85578,82856,32818,101,2350,226,223,13477,560,222,-566,167,-82,3628,32913,HSC
2_A3,S177,1746,0.82,0.717,NA,0.7685,MUT,plate2_A11,ARCH1,LEUK4_plate2_FACS_A11_A11_011.fcs,32993,32988,31876,15994,NA,NA,NA,NA,NA,NA,NA,NA,15345,46.5,48.1,2573,4490,113344,46976,15343,46.5,48.1,2573,4490,113344,46976,0,NA,NA,NA,NA,TRUE,60558,78771,37959,178,2785,272,176,14343,535,151,-223,136,-22,2376,1579,HSC
2_F1,S50,1748,0.56,0.549,NA,0.5545,MUT,plate1_B07,ARCH1,LEUK4_plate1_FACS_B7_B07_019.fcs,52444,52434,51733,28392,NA,NA,NA,NA,NA,NA,NA,NA,22670,43.2,43.8,1994,5824,101184,48192,22666,43.2,43.8,1994,5824,101184,48192,1,NA,NA,NA,NA,TRUE,99975,83787,38672,311,5291,-489,153,16847,2888,152,-976,52,-98,3358,23746,HSC
7_G2,S182,1767,0.93,0.783,NA,0.8565,MUT,plate2_F11,ARCH1,LEUK4_plate2_FACS_F11_F11_071.fcs,10894,10890,10832,10398,NA,NA,NA,NA,NA,NA,NA,NA,399,3.66,3.68,2341,2480,113408,73536,393,3.61,3.63,2355,2480,113600,73216,0,NA,NA,NA,NA,TRUE,97538,87618,27892,58,3372,406,-19,11910,70,113,-405,-5,-24,1998,29055,HSC
4_B3,S43,1818,0.09,0.103,NA,0.0965,MUT,plate1_C06,ARCH1,LEUK4_plate1_FACS_C6_C06_030.fcs,23274,23268,22811,18839,NA,NA,NA,NA,NA,NA,NA,NA,3904,16.8,17.1,4290,9343,134208,88000,3903,16.8,17.1,4290,9343,134208,88000,0,NA,NA,NA,NA,TRUE,87970,82887,41010,108,3730,110,37,5005,557,256,-336,200,27,1157,8234,HSC
3_F2,S90,1934,0.01,NA,NA,0.01,WT,plate1_B12,ARCH1,LEUK4_plate1_FACS_B12_B12_024.fcs,47791,47783,46809,27636,NA,NA,NA,NA,NA,NA,NA,NA,18637,39,39.8,2485,5521,114944,51392,18632,39,39.8,2485,5521,114944,51392,0,NA,NA,NA,NA,TRUE,80952,80119,30550,700,2287,58,172,10890,636,117,-133,118,-33,2761,9688,HSC
7_A4,S92,2195,0.01,NA,NA,0.01,WT,plate1_D12,ARCH1,LEUK4_plate1_FACS_D12_D12_048.fcs,39718,39710,39506,18779,NA,NA,NA,NA,NA,NA,NA,NA,19908,50.1,50.4,1842,5652,110144,46400,19907,50.1,50.4,1842,5652,110144,46400,0,NA,NA,NA,NA,TRUE,88087,81057,31584,89,1444,152,115,14770,329,185,-269,206,-106,3476,1523,HSC
1_D5,S25,2230,0.96,0.83,NA,0.895,MUT,plate1_A04,ARCH1,LEUK4_plate1_FACS_A4_A04_004.fcs,15776,15773,15531,10719,NA,NA,NA,NA,NA,NA,NA,NA,4743,30.1,30.5,4481,8467,137664,80192,4742,30.1,30.5,4481,8467,137600,80192,0,NA,NA,NA,NA,TRUE,97296,83589,31722,32,2047,-365,96,14435,884,120,-217,-92,-36,2254,15552,HSC
7_H1,S103,2250,0.81,0.685,NA,0.7475,MUT,plate2_G01,ARCH1,LEUK4_plate2_FACS_G1_G01_073.fcs,6694,6693,6568,5795,NA,NA,NA,NA,NA,NA,NA,NA,725,10.8,11,3312,3413,109184,74944,724,10.8,11,3312,3413,109184,74944,0,NA,NA,NA,NA,TRUE,110948,89414,71725,578,33791,212,395,17106,362,199,-3363,116,-84,2441,40103,HSC
6_H3,S84,2256,0.62,0.615,NA,0.6174999999999999,MUT,plate1_D11,ARCH1,LEUK4_plate1_FACS_D11_D11_047.fcs,42264,42254,41917,32176,NA,NA,NA,NA,NA,NA,NA,NA,9485,22.4,22.6,3299,5938,118080,58688,9483,22.4,22.6,3299,5938,118080,58624,1,NA,NA,NA,NA,TRUE,87487,80994,29782,-55,2214,210,113,10900,451,128,-218,61,-48,2381,39499,HSC
9_A1,S14,2257,0.01,NA,NA,0.01,WT,plate1_F02,ARCH1,LEUK4_plate1_FACS_F2_F02_062.fcs,17552,17547,17172,11497,NA,NA,NA,NA,NA,NA,NA,NA,5583,31.8,32.5,3539,8153,138880,89600,5576,31.8,32.5,3539,8189,138816,89408,0,NA,NA,NA,NA,TRUE,97102,82472,31916,67,998,-51,23,13042,935,169,-51,243,-125,2110,871,HSC
9_C6,S184,2380,0.01,NA,NA,0.01,WT,plate2_H11,ARCH1,LEUK4_plate2_FACS_H11_H11_095.fcs,20569,20565,20532,10577,NA,NA,NA,NA,NA,NA,NA,NA,9556,46.5,46.5,1709,7562,114496,48192,9555,46.5,46.5,1709,7562,114496,48192,0,NA,NA,NA,NA,TRUE,94567,82564,51341,442,2572,409,305,17433,600,161,-452,151,-89,3373,9638,HSC
9_B3,S30,2405,0.01,NA,NA,0.01,WT,plate1_F04,ARCH1,LEUK4_plate1_FACS_F4_F04_064.fcs,41773,41763,40840,21177,NA,NA,NA,NA,NA,NA,NA,NA,18859,45.2,46.2,2319,4934,111936,48320,18859,45.2,46.2,2319,4934,111936,48320,0,NA,NA,NA,NA,TRUE,102925,84137,41020,122,2270,-339,84,15526,1271,243,-445,118,-112,3124,7734,HSC
2_D2,S34,2483,0.23,0.219,NA,0.2245,MUT,plate1_B05,ARCH1,LEUK4_plate1_FACS_B5_B05_017.fcs,15626,15614,14951,9666,NA,NA,NA,NA,NA,NA,NA,NA,5210,33.4,34.8,4125,10699,145600,100736,5209,33.4,34.8,4125,10699,145600,100736,1,NA,NA,NA,NA,TRUE,105724,84268,33611,30,2249,286,65,13486,1240,120,-316,131,-37,3664,16047,HSC
5_E1,S20,2556,0.34,0.33,NA,0.335,MUT,plate1_D03,ARCH1,LEUK4_plate1_FACS_D3_D03_039.fcs,56972,56963,56432,25844,NA,NA,NA,NA,NA,NA,NA,NA,29500,51.8,52.3,2136,4934,108288,47872,29494,51.8,52.3,2136,4934,108288,47872,0,NA,NA,NA,NA,TRUE,84689,81990,33148,571,5546,337,97,14409,687,154,-555,-55,-51,3083,17337,HSC
3_G5,S107,2688,0.01,NA,NA,0.01,WT,plate2_C02,ARCH1,LEUK4_plate2_FACS_C2_C02_026.fcs,4170,4169,4145,1836,NA,NA,NA,NA,NA,NA,NA,NA,2195,52.7,53,1738,5257,139456,54464,2195,52.7,53,1738,5257,139456,54464,0,NA,NA,NA,NA,TRUE,108851,89717,46259,289,5069,-126,208,15395,2861,233,-621,252,-83,2887,11029,HSC
9_A6,S22,2767,0.6,0.58,NA,0.59,MUT,plate1_F03,ARCH1,LEUK4_plate1_FACS_F3_F03_063.fcs,21793,21789,20987,19689,NA,NA,NA,NA,NA,NA,NA,NA,1254,5.76,5.98,3352,4934,133248,90560,1254,5.76,5.98,3352,4934,133248,90560,0,NA,NA,NA,NA,TRUE,109607,91639,29617,-189,4021,248,110,15281,197,129,-441,-100,-85,2280,2569,HSC
2_E1,S42,2810,0.85,0.74,NA,0.7949999999999999,MUT,plate1_B06,ARCH1,LEUK4_plate1_FACS_B6_B06_018.fcs,34850,34842,34574,15677,NA,NA,NA,NA,NA,NA,NA,NA,18560,53.3,53.7,3400,5887,120512,64192,18554,53.3,53.7,3400,5887,120512,64192,0,NA,NA,NA,NA,TRUE,113953,87654,43560,-203,2013,-190,150,15935,1252,203,-400,0,-99,3135,16491,HSC
9_B5,S38,2871,0.81,0.766,NA,0.788,MUT,plate1_F05,ARCH1,LEUK4_plate1_FACS_F5_F05_065.fcs,34869,34859,34056,13545,NA,NA,NA,NA,NA,NA,NA,NA,19848,56.9,58.3,2755,5497,123648,54400,19841,56.9,58.3,2755,5497,123648,54400,0,NA,NA,NA,NA,TRUE,107053,86566,36713,746,3084,-342,156,5136,1297,189,-474,15,-17,532,7213,HSC
8_D4,S159,3015,0.64,0.588,NA,0.614,MUT,plate2_G08,ARCH1,LEUK4_plate2_FACS_G8_G08_080.fcs,4942,3756,3731,2181,NA,NA,NA,NA,NA,NA,NA,NA,1527,40.7,40.9,2476,16344,114624,73024,1527,40.7,40.9,2476,16344,114624,73024,941,NA,NA,NA,NA,TRUE,83544,80990,22423,358,2258,-501,98,10383,438,92,-509,60,-40,1325,20097,HSC
3_H3,S27,3065,0.82,0.718,NA,0.7689999999999999,MUT,plate1_C04,ARCH1,LEUK4_plate1_FACS_C4_C04_028.fcs,32840,32834,30975,19998,NA,NA,NA,NA,NA,NA,NA,NA,10714,32.6,34.6,3046,4741,107584,49280,10712,32.6,34.6,3046,4741,107584,49280,2,NA,NA,NA,NA,TRUE,101598,88482,65144,79,2704,410,-54,14975,715,192,-249,109,-96,3249,17132,HSC
9_C10,S192,3125,0.02,NA,NA,0.02,MUT,plate2_H12,ARCH1,LEUK4_plate2_FACS_H12_H12_096.fcs,28406,28398,27999,22169,NA,NA,NA,NA,NA,NA,NA,NA,5643,19.9,20.2,2782,4176,114496,62784,5639,19.9,20.1,2782,4176,114496,62720,0,NA,NA,NA,NA,TRUE,89829,82169,29145,99,924,-58,216,12481,501,177,-116,99,-81,2536,10880,HSC
6_H1,S157,3462,0.01,NA,NA,0.01,WT,plate2_E08,ARCH1,LEUK4_plate2_FACS_E8_E08_056.fcs,20629,20621,20582,13757,NA,NA,NA,NA,NA,NA,NA,NA,6613,32.1,32.1,2544,6080,109184,56384,6610,32.1,32.1,2544,6080,109120,56320,0,NA,NA,NA,NA,TRUE,98309,82818,26218,-102,1608,-440,102,11368,456,181,16,39,-51,2118,40074,HSC
4_G6,S187,3475,0.46,0.494,NA,0.477,MUT,plate2_C12,ARCH1,LEUK4_plate2_FACS_C12_C12_036.fcs,14801,14799,14782,9948,NA,NA,NA,NA,NA,NA,NA,NA,4548,30.7,30.8,1315,6080,108416,46976,4547,30.7,30.8,1315,6080,108416,46976,0,NA,NA,NA,NA,TRUE,81770,86020,56358,508,12640,425,264,15738,864,221,-1912,132,-77,5268,26847,HSC
9_B4,S136,3537,0.95,0.812,NA,0.881,MUT,plate2_H05,ARCH1,LEUK4_plate2_FACS_H5_H05_089.fcs,16554,16551,16431,14644,NA,NA,NA,NA,NA,NA,NA,NA,1737,10.5,10.6,3575,5147,112704,69888,1733,10.5,10.5,3583,5158,112640,69888,0,NA,NA,NA,NA,TRUE,80973,76808,24763,141,7654,229,148,18033,802,145,-786,110,-95,3079,7533,HSC
6_D2,S101,3566,0.01,NA,NA,0.01,WT,plate2_E01,ARCH1,LEUK4_plate2_FACS_E1_E01_049.fcs,69420,69410,69210,29232,NA,NA,NA,NA,NA,NA,NA,NA,37934,54.7,54.8,1322,4913,110400,45824,37931,54.6,54.8,1322,4913,110400,45824,0,NA,NA,NA,NA,TRUE,93386,82671,26969,171,3163,-119,72,3211,1165,145,-189,79,22,846,21886,HSC
9_C5,S176,3607,0.63,0.584,NA,0.607,MUT,plate2_H10,ARCH1,LEUK4_plate2_FACS_H10_H10_094.fcs,13881,13877,13441,10791,NA,NA,NA,NA,NA,NA,NA,NA,2563,18.5,19.1,4211,5544,135040,93760,2563,18.5,19.1,4211,5544,135040,93760,0,NA,NA,NA,NA,TRUE,123128,90021,74342,517,21029,-650,180,16934,346,219,-1303,189,-61,3269,9405,HSC
7_E4,S21,3610,0.56,0.455,NA,0.5075000000000001,MUT,plate1_E03,ARCH1,LEUK4_plate1_FACS_E3_E03_051.fcs,20778,20773,18762,12785,NA,NA,NA,NA,NA,NA,NA,NA,5758,27.7,30.7,3010,5427,123904,60416,5758,27.7,30.7,3010,5427,123904,60416,0,NA,NA,NA,NA,TRUE,84334,82538,29005,7,2076,-334,109,12220,1646,172,-561,98,-64,2127,18986,HSC
9_D5,S62,3772,0.01,NA,NA,0.01,WT,plate1_F08,ARCH1,LEUK4_plate1_FACS_F8_F08_068.fcs,64052,64032,62765,34087,NA,NA,NA,NA,NA,NA,NA,NA,26848,41.9,42.8,1278,4509,106304,46336,26847,41.9,42.8,1278,4509,106304,46336,0,NA,NA,NA,NA,TRUE,77867,78663,54516,217,2645,205,190,13828,535,185,-551,-120,-75,3713,14213,HSC
9_A10,S128,3842,0.55,0.523,NA,0.5365,MUT,plate2_H04,ARCH1,LEUK4_plate2_FACS_H4_H04_088.fcs,46133,46130,45787,44786,NA,NA,NA,NA,NA,NA,NA,NA,966,2.09,2.11,3975,4672,113024,65408,963,2.09,2.1,3983,4711,113024,65344,0,NA,NA,NA,NA,TRUE,96039,84130,28801,272,2181,93,186,12394,903,126,-356,177,-79,2852,4151,HSC
10_B6,S39,3953,0.33,0.275,NA,0.3025,MUT,plate1_G05,ARCH1,LEUK4_plate1_FACS_G5_G05_077.fcs,9502,9501,7897,6496,NA,NA,NA,NA,NA,NA,NA,NA,1361,14.3,17.2,4662,9707,151424,108864,1360,14.3,17.2,4662,9707,151424,108864,0,NA,NA,NA,NA,TRUE,111381,87361,69303,184,1490,-75,83,5537,239,134,-355,12,42,901,6851,HSC
4_D1,S147,4000,0.36,0.345,NA,0.3525,MUT,plate2_C07,ARCH1,LEUK4_plate2_FACS_C7_C07_031.fcs,14086,14085,14070,13792,NA,NA,NA,NA,NA,NA,NA,NA,248,1.76,1.76,2332,2514,107200,68416,244,1.73,1.73,2364,2529,107200,68096,0,NA,NA,NA,NA,TRUE,86288,83192,30160,585,7329,327,114,13708,294,142,-980,110,-54,2003,17147,HSC
2_A2,S89,4001,0.15,0.191,NA,0.17049999999999998,MUT,plate1_A12,ARCH1,LEUK4_plate1_FACS_A12_A12_012.fcs,42888,42882,42503,22273,NA,NA,NA,NA,NA,NA,NA,NA,19794,46.2,46.6,2010,5103,101120,51008,19790,46.1,46.6,2010,5103,101120,51008,0,NA,NA,NA,NA,TRUE,89059,81988,30193,912,2373,130,78,13690,827,186,-301,212,-45,2599,1388,HSC
7_C3,S102,4082,0.87,0.747,NA,0.8085,MUT,plate2_F01,ARCH1,LEUK4_plate2_FACS_F1_F01_061.fcs,13756,13756,13718,13510,NA,NA,NA,NA,NA,NA,NA,NA,196,1.42,1.43,2928,3113,121152,71296,193,1.4,1.41,2987,3138,119104,70848,0,NA,NA,NA,NA,TRUE,89900,82717,29851,214,1246,-280,98,13585,455,121,-194,44,-71,2801,11024,HSC
7_H2,S111,4375,0.07,0.056,NA,0.063,MUT,plate2_G02,ARCH1,LEUK4_plate2_FACS_G2_G02_074.fcs,31569,31566,31419,15047,NA,NA,NA,NA,NA,NA,NA,NA,15850,50.2,50.4,2529,5544,118464,51008,15846,50.2,50.4,2529,5544,118464,51008,0,NA,NA,NA,NA,TRUE,79753,80013,25545,128,1506,-252,79,12074,545,148,-345,4,-77,2519,39857,HSC
8_G2,S104,4379,0.15,0.134,NA,0.14200000000000002,MUT,plate2_H01,ARCH1,LEUK4_plate2_FACS_H1_H01_085.fcs,27549,27543,27401,22073,NA,NA,NA,NA,NA,NA,NA,NA,5201,18.9,19,4334,4566,115264,63232,5199,18.9,19,4334,4566,115264,63168,0,NA,NA,NA,NA,TRUE,89095,82854,28326,435,5271,381,76,11218,596,109,-776,10,-63,2336,31329,HSC
7_B3,S189,4437,0.3,0.404,NA,0.352,MUT,plate2_E12,ARCH1,LEUK4_plate2_FACS_E12_E12_060.fcs,27302,27298,27064,24492,NA,NA,NA,NA,NA,NA,NA,NA,2465,9.03,9.11,3656,3332,116864,73408,2461,9.02,9.09,3656,3332,116800,73344,0,NA,NA,NA,NA,TRUE,115897,87758,47268,631,4567,203,97,15560,802,226,-907,183,-77,3363,9601,HSC
4_G4,S179,4461,0.31,0.348,NA,0.32899999999999996,MUT,plate2_C11,ARCH1,LEUK4_plate2_FACS_C11_C11_035.fcs,39745,39741,39645,22158,NA,NA,NA,NA,NA,NA,NA,NA,16693,42,42.1,1555,6335,111936,49664,16691,42,42.1,1555,6349,111936,49664,0,NA,NA,NA,NA,TRUE,86673,82066,33646,416,605,-98,219,12876,369,164,-48,163,-37,3462,26110,HSC
9_B9,S46,4475,0.3,0.315,NA,0.3075,MUT,plate1_F06,ARCH1,LEUK4_plate1_FACS_F6_F06_066.fcs,28987,28980,26990,23650,NA,NA,NA,NA,NA,NA,NA,NA,3207,11.1,11.9,2609,6308,118144,64512,3207,11.1,11.9,2609,6308,118144,64512,0,NA,NA,NA,NA,TRUE,117349,88677,39666,253,5840,-575,117,24447,487,182,-846,324,-137,3415,6122,HSC
7_G5,S190,4614,0.58,0.538,NA,0.5589999999999999,MUT,plate2_F12,ARCH1,LEUK4_plate2_FACS_F12_F12_072.fcs,18978,18971,17904,16644,NA,NA,NA,NA,NA,NA,NA,NA,1181,6.23,6.6,2119,5787,112768,68736,1180,6.22,6.59,2115,5774,112704,68672,0,NA,NA,NA,NA,TRUE,93947,84233,33626,422,4861,179,261,15053,2765,163,-447,146,-102,2987,30065,HSC
9_B12,S152,4655,0.52,0.516,NA,0.518,MUT,plate2_H07,ARCH1,LEUK4_plate2_FACS_H7_H07_091.fcs,23002,22999,22973,9688,NA,NA,NA,NA,NA,NA,NA,NA,12651,55,55.1,2021,6173,124224,50496,12651,55,55.1,2021,6173,124224,50496,0,NA,NA,NA,NA,TRUE,95257,83962,43221,57,1059,316,220,14690,270,171,-302,70,-93,1976,5284,HSC
10_F8,S71,4684,0.01,NA,NA,0.01,WT,plate1_G09,ARCH1,LEUK4_plate1_FACS_G9_G09_081.fcs,53586,53580,53006,39096,NA,NA,NA,NA,NA,NA,NA,NA,13306,24.8,25.1,2466,4518,104640,47168,13303,24.8,25.1,2471,4518,104640,47168,0,NA,NA,NA,NA,TRUE,114605,92695,34621,7,3905,-107,47,15139,1008,120,-269,83,-56,4218,15281,HSC
9_F6,S86,4755,0.95,0.821,NA,0.8855,MUT,plate1_F11,ARCH1,LEUK4_plate1_FACS_F11_F11_071.fcs,12527,12523,10968,7792,NA,NA,NA,NA,NA,NA,NA,NA,3135,25,28.6,4407,15171,150400,106944,3134,25,28.6,4407,15135,150400,106880,0,NA,NA,NA,NA,TRUE,113616,87232,42842,344,4790,-361,43,6111,1692,178,-551,117,-16,944,21253,HSC
1_G3,S65,4783,0.44,0.415,NA,0.4275,MUT,plate1_A09,ARCH1,LEUK4_plate1_FACS_A9_A09_009.fcs,42556,42547,40842,35335,NA,NA,NA,NA,NA,NA,NA,NA,5290,12.4,13,3427,4556,118336,64384,5288,12.4,12.9,3434,4556,118336,64384,1,NA,NA,NA,NA,TRUE,98271,83963,39987,289,1646,-194,73,14821,948,96,-443,175,-32,2430,24692,HSC
10_A5,S23,4821,0.01,NA,NA,0.01,WT,plate1_G03,ARCH1,LEUK4_plate1_FACS_G3_G03_075.fcs,33672,33665,32133,29802,NA,NA,NA,NA,NA,NA,NA,NA,2252,6.69,7.01,3189,4872,115712,73792,2250,6.68,7,3189,4872,115648,73792,0,NA,NA,NA,NA,TRUE,92730,82880,34913,370,2261,205,40,11432,433,129,-285,-1,-54,3079,2712,HSC
5_H2,S148,4831,0.49,0.487,NA,0.4885,MUT,plate2_D07,ARCH1,LEUK4_plate2_FACS_D7_D07_043.fcs,10751,10748,10735,10205,NA,NA,NA,NA,NA,NA,NA,NA,482,4.48,4.49,2957,2396,105984,66560,479,4.46,4.46,2957,2438,105984,66496,0,NA,NA,NA,NA,TRUE,86945,82988,36934,150,3150,-14,191,14319,943,165,-687,57,-70,1918,33227,HSC
6_G1,S149,4844,0.05,0.075,NA,0.0625,MUT,plate2_E07,ARCH1,LEUK4_plate2_FACS_E7_E07_055.fcs,7785,5560,5538,5531,NA,NA,NA,NA,NA,NA,NA,NA,6,0.11,0.11,2040,2500,109632,129792,6,0.11,0.11,2040,2500,109632,129792,2067,NA,NA,NA,NA,TRUE,67389,79687,24807,194,1186,-397,39,10032,473,109,-81,64,-24,1844,32366,HSC
8_A5,S119,4851,0.39,0.344,NA,0.367,MUT,plate2_G03,ARCH1,LEUK4_plate2_FACS_G3_G03_075.fcs,12490,12489,11946,10989,NA,NA,NA,NA,NA,NA,NA,NA,926,7.41,7.75,2761,6957,145728,115136,926,7.41,7.75,2761,6957,145728,115136,0,NA,NA,NA,NA,TRUE,107893,86754,38167,311,14742,304,334,20766,926,173,-1650,66,-108,3176,2459,HSC
7_E1,S126,4861,0.59,0.613,NA,0.6014999999999999,MUT,plate2_F04,ARCH1,LEUK4_plate2_FACS_F4_F04_064.fcs,37680,37672,36991,33415,NA,NA,NA,NA,NA,NA,NA,NA,3457,9.18,9.35,3983,4934,109568,62336,3457,9.18,9.35,3983,4934,109568,62336,0,NA,NA,NA,NA,TRUE,87128,80432,23988,78,2767,366,-47,12083,1273,161,-211,136,-85,2502,18151,HSC
8_G1,S191,4861,0.75,0.645,NA,0.6975,MUT,plate2_G12,ARCH1,LEUK4_plate2_FACS_G12_G12_084.fcs,3926,3925,3887,3769,NA,NA,NA,NA,NA,NA,NA,NA,108,2.75,2.78,2037,2771,119616,83712,108,2.75,2.78,2037,2771,119616,83712,0,NA,NA,NA,NA,TRUE,100854,83958,34429,106,3115,442,118,3438,331,125,-62,8,42,483,31099,HSC
6_E1,S125,5008,0.58,0.524,NA,0.552,MUT,plate2_E04,ARCH1,LEUK4_plate2_FACS_E4_E04_052.fcs,32308,32302,31178,28428,NA,NA,NA,NA,NA,NA,NA,NA,2524,7.81,8.1,2428,3619,103296,63040,2523,7.81,8.09,2428,3619,103360,63040,0,NA,NA,NA,NA,TRUE,90113,84583,38729,147,2967,-154,266,14343,732,178,-468,12,-87,2576,22512,HSC
10_G7,S87,5175,0.47,0.475,NA,0.4725,MUT,plate1_G11,ARCH1,LEUK4_plate1_FACS_G11_G11_083.fcs,9604,9597,8752,5576,NA,NA,NA,NA,NA,NA,NA,NA,3100,32.3,35.4,2660,8135,131904,95552,3097,32.3,35.4,2660,8135,131904,95552,0,NA,NA,NA,NA,TRUE,115917,93882,46801,349,4977,244,153,21126,657,153,-648,123,-135,2608,23642,HSC
2_H4,S66,5440,0.01,NA,NA,0.01,WT,plate1_B09,ARCH1,LEUK4_plate1_FACS_B9_B09_021.fcs,48332,48327,47639,24713,NA,NA,NA,NA,NA,NA,NA,NA,21809,45.1,45.8,1636,4965,110656,49216,21805,45.1,45.8,1636,4965,110656,49216,0,NA,NA,NA,NA,TRUE,108071,84777,40066,113,3954,277,205,18477,1378,195,-378,6,-81,4417,30096,HSC
6_C2,S188,5504,0.01,NA,NA,0.01,WT,plate2_D12,ARCH1,LEUK4_plate2_FACS_D12_D12_048.fcs,55329,55326,53277,28002,NA,NA,NA,NA,NA,NA,NA,NA,23349,42.2,43.8,1278,4444,115840,50816,23349,42.2,43.8,1278,4444,115840,50816,0,NA,NA,NA,NA,TRUE,97259,86140,31086,109,1464,24,181,16812,1472,121,-228,-13,-92,3299,12868,HSC
3_E6,S178,5595,0.32,0.326,NA,0.323,MUT,plate2_B11,ARCH1,LEUK4_plate2_FACS_B11_B11_023.fcs,22884,22880,22854,22735,NA,NA,NA,NA,NA,NA,NA,NA,105,0.46,0.46,3201,2697,126912,70720,100,0.44,0.44,3201,2871,126144,69888,0,NA,NA,NA,NA,TRUE,99334,84753,32751,162,3277,1,219,13236,390,187,-327,157,-78,2898,4312,HSC
9_C1,S160,5635,0.02,NA,NA,0.02,MUT,plate2_H08,ARCH1,LEUK4_plate2_FACS_H8_H08_092.fcs,39448,30312,30253,24228,NA,NA,NA,NA,NA,NA,NA,NA,5879,19.4,19.4,3052,10920,110016,62848,5877,19.4,19.4,3052,10920,110016,62848,7300,NA,NA,NA,NA,TRUE,89738,81872,32795,217,489,172,32,3443,229,175,55,24,6,725,8481,HSC
4_D4,S155,5640,0.55,0.495,NA,0.5225,MUT,plate2_C08,ARCH1,LEUK4_plate2_FACS_C8_C08_032.fcs,50982,50972,50698,33743,NA,NA,NA,NA,NA,NA,NA,NA,16398,32.2,32.3,2461,5989,108544,51904,16396,32.2,32.3,2461,5989,108544,51904,0,NA,NA,NA,NA,TRUE,96557,81961,33410,192,3075,-696,83,9786,1110,135,-94,-51,9,2398,16325,HSC
9_F7,S94,5721,0.02,NA,NA,0.02,MUT,plate1_F12,ARCH1,LEUK4_plate1_FACS_F12_F12_072.fcs,8459,8448,7575,4964,NA,NA,NA,NA,NA,NA,NA,NA,2560,30.3,33.8,5521,13892,160640,128064,2559,30.3,33.8,5521,13892,160640,128064,0,NA,NA,NA,NA,TRUE,95772,82598,31289,289,3185,411,184,11183,645,151,-355,144,-26,3129,21014,HSC
8_B3,S127,5841,0.22,0.158,NA,0.189,MUT,plate2_G04,ARCH1,LEUK4_plate2_FACS_G4_G04_076.fcs,29246,28843,28257,26440,NA,NA,NA,NA,NA,NA,NA,NA,1776,6.16,6.29,5486,4831,123264,76160,1774,6.15,6.28,5486,4831,123264,76096,281,NA,NA,NA,NA,TRUE,108344,87145,35914,136,778,-152,-24,7825,778,168,-128,-18,12,693,9825,HSC
4_C3,S139,5894,0.87,0.798,NA,0.8340000000000001,MUT,plate2_C06,ARCH1,LEUK4_plate2_FACS_C6_C06_030.fcs,44227,44225,44096,41500,NA,NA,NA,NA,NA,NA,NA,NA,2482,5.61,5.63,3253,3511,112768,69376,2475,5.6,5.61,3253,3532,112768,69248,0,NA,NA,NA,NA,TRUE,92255,82391,37050,595,5377,49,66,15003,688,134,-458,130,-69,3408,9652,HSC
1_B2,S105,5905,0.83,0.7,NA,0.7649999999999999,MUT,plate2_A02,ARCH1,LEUK4_plate2_FACS_A2_A02_002.fcs,48774,48754,48165,27157,NA,NA,NA,NA,NA,NA,NA,NA,20387,41.8,42.3,2128,5509,105344,47744,20382,41.8,42.3,2128,5509,105344,47744,0,NA,NA,NA,NA,TRUE,73737,79248,26543,421,904,398,165,10234,726,119,-91,132,-96,2333,9478,HSC
2_E6,S122,5934,0.64,0.652,NA,0.646,MUT,plate2_B04,ARCH1,LEUK4_plate2_FACS_B4_B04_016.fcs,67127,67113,67021,65520,NA,NA,NA,NA,NA,NA,NA,NA,1433,2.14,2.14,2148,5224,113536,64320,1424,2.12,2.12,2152,5235,113536,64064,1,NA,NA,NA,NA,TRUE,105855,84837,37678,131,2868,299,174,9756,336,221,-384,45,-13,2938,17645,HSC
2_B3,S114,5964,0.01,NA,NA,0.01,WT,plate2_B03,ARCH1,LEUK4_plate2_FACS_B3_B03_015.fcs,8877,8876,8874,7408,NA,NA,NA,NA,NA,NA,NA,NA,1387,15.6,15.6,1325,5302,120256,50944,1385,15.6,15.6,1325,5291,120192,50944,0,NA,NA,NA,NA,TRUE,96502,85702,37140,921,4502,201,137,13772,3289,132,-238,17,-102,3859,8344,HSC
7_E2,S134,5969,0.85,0.689,NA,0.7695,MUT,plate2_F05,ARCH1,LEUK4_plate2_FACS_F5_F05_065.fcs,23580,23557,23417,19892,NA,NA,NA,NA,NA,NA,NA,NA,3444,14.6,14.7,4246,5887,117056,68288,3442,14.6,14.7,4246,5900,116928,68160,0,NA,NA,NA,NA,TRUE,104100,85545,41062,73,5740,-411,99,16767,814,236,-967,40,-48,2357,18427,HSC
10_B4,S31,5977,0.72,0.673,NA,0.6965,MUT,plate1_G04,ARCH1,LEUK4_plate1_FACS_G4_G04_076.fcs,50778,50770,50073,14050,NA,NA,NA,NA,NA,NA,NA,NA,35062,69.1,70,2083,6474,110976,47616,35060,69.1,70,2083,6488,110976,47616,0,NA,NA,NA,NA,TRUE,95970,83162,31479,145,1183,321,45,11807,1746,121,-87,123,-70,2104,7582,HSC
5_F6,S140,6002,0.7,0.651,NA,0.6755,MUT,plate2_D06,ARCH1,LEUK4_plate2_FACS_D6_D06_042.fcs,22995,22992,22943,16605,NA,NA,NA,NA,NA,NA,NA,NA,6265,27.2,27.3,3816,7446,126400,73280,6263,27.2,27.3,3823,7446,126400,73280,0,NA,NA,NA,NA,TRUE,84954,84135,36050,300,3158,-711,276,12493,598,125,-320,96,-88,2698,23723,HSC
6_H2,S165,6025,0.01,NA,NA,0.01,WT,plate2_E09,ARCH1,LEUK4_plate2_FACS_E9_E09_057.fcs,20021,20017,19810,17085,NA,NA,NA,NA,NA,NA,NA,NA,2664,13.3,13.4,4361,4955,121984,79936,2663,13.3,13.4,4361,4955,121984,79936,0,NA,NA,NA,NA,TRUE,112632,87399,67740,-712,12695,-936,255,13304,73,-115,25,-305,-195,3113,39786,HSC
8_C6,S151,6126,0.51,0.426,NA,0.46799999999999997,MUT,plate2_G07,ARCH1,LEUK4_plate2_FACS_G7_G07_079.fcs,28378,28372,28318,10402,NA,NA,NA,NA,NA,NA,NA,NA,17249,60.8,60.9,1674,7080,114688,49216,17249,60.8,60.9,1674,7080,114688,49216,0,NA,NA,NA,NA,TRUE,91755,79957,32833,774,2016,173,197,13276,1056,132,-442,172,-57,1635,12278,HSC
6_H4,S173,6355,0.01,NA,NA,0.01,WT,plate2_E10,ARCH1,LEUK4_plate2_FACS_E10_E10_058.fcs,22948,22947,22896,16412,NA,NA,NA,NA,NA,NA,NA,NA,6292,27.4,27.5,1863,7430,97856,55232,6289,27.4,27.5,1863,7446,97856,55232,0,NA,NA,NA,NA,TRUE,86698,80641,31241,-35,1224,-33,86,13122,981,209,-461,310,-65,3695,39121,HSC
1_D2,S137,6392,0.01,NA,NA,0.01,WT,plate2_A06,ARCH1,LEUK4_plate2_FACS_A6_A06_006.fcs,44652,44639,43726,38682,NA,NA,NA,NA,NA,NA,NA,NA,4888,11,11.2,4228,4228,122112,62656,4886,10.9,11.2,4228,4228,122048,62656,0,NA,NA,NA,NA,TRUE,105245,84944,41263,99,2886,-820,142,16043,657,212,-525,124,-21,4071,16379,HSC
2_B2,S106,6427,0.56,0.565,NA,0.5625,MUT,plate2_B02,ARCH1,LEUK4_plate2_FACS_B2_B02_014.fcs,10311,10310,10294,7054,NA,NA,NA,NA,NA,NA,NA,NA,3082,29.9,29.9,1606,6267,115520,48320,3081,29.9,29.9,1606,6281,115520,48320,0,NA,NA,NA,NA,TRUE,95241,82184,37096,299,1554,227,154,12327,2264,184,24,77,-49,2603,8562,HSC
7_E5,S142,6453,0.36,0.285,NA,0.3225,MUT,plate2_F06,ARCH1,LEUK4_plate2_FACS_F6_F06_066.fcs,30380,30374,30143,14128,NA,NA,NA,NA,NA,NA,NA,NA,15691,51.7,52.1,3345,7529,118784,58048,15689,51.7,52,3345,7529,118784,58048,0,NA,NA,NA,NA,TRUE,91634,83201,31458,264,4506,287,66,14214,635,139,-434,42,-54,2238,19213,HSC
7_D2,S118,6463,0.6,0.441,NA,0.5205,MUT,plate2_F03,ARCH1,LEUK4_plate2_FACS_F3_F03_063.fcs,5246,5246,5092,2187,NA,NA,NA,NA,NA,NA,NA,NA,2823,53.8,55.4,2609,5060,119168,81664,2823,53.8,55.4,2609,5060,119168,81664,0,NA,NA,NA,NA,TRUE,113792,87664,56325,420,15098,-510,453,17770,365,205,-1162,113,-99,2077,17657,HSC
2_B1,S98,6487,0.37,0.314,NA,0.34199999999999997,MUT,plate2_B01,ARCH1,LEUK4_plate2_FACS_B1_B01_013.fcs,24656,24654,24600,23990,NA,NA,NA,NA,NA,NA,NA,NA,555,2.25,2.26,3686,2629,113344,65664,552,2.24,2.24,3686,2639,113344,65600,0,NA,NA,NA,NA,TRUE,104755,87207,45991,-56,7813,-457,341,17318,97,133,342,74,-103,2779,8789,HSC
7_B1,S181,6522,0.45,0.479,NA,0.4645,MUT,plate2_E11,ARCH1,LEUK4_plate2_FACS_E11_E11_059.fcs,14143,14142,14108,13726,NA,NA,NA,NA,NA,NA,NA,NA,336,2.38,2.38,2219,2428,101504,64192,331,2.34,2.35,2227,2452,100608,64000,0,NA,NA,NA,NA,TRUE,84203,81132,30993,192,2666,69,211,12385,157,135,-292,145,-59,1942,10253,HSC
9_B10,S144,6625,0.78,0.733,NA,0.7565,MUT,plate2_H06,ARCH1,LEUK4_plate2_FACS_H6_H06_090.fcs,24193,24189,24058,23047,NA,NA,NA,NA,NA,NA,NA,NA,984,4.07,4.09,4380,5989,124736,82304,983,4.06,4.09,4380,6015,124736,82304,0,NA,NA,NA,NA,TRUE,95293,84887,30859,481,3139,168,-24,12079,1386,198,-300,125,-10,1561,5869,HSC
8_C2,S143,6754,0.39,0.429,NA,0.4095,MUT,plate2_G06,ARCH1,LEUK4_plate2_FACS_G6_G06_078.fcs,49454,49313,47084,44775,NA,NA,NA,NA,NA,NA,NA,NA,2248,4.56,4.77,2804,5799,101824,64576,2247,4.56,4.77,2804,5812,101824,64576,25,NA,NA,NA,NA,TRUE,101963,84494,32333,-107,2544,231,165,16444,244,134,-678,-26,-72,1215,11073,HSC
8_D6,S167,6930,0.82,0.773,NA,0.7965,MUT,plate2_G09,ARCH1,LEUK4_plate2_FACS_G9_G09_081.fcs,9601,9601,9302,4870,NA,NA,NA,NA,NA,NA,NA,NA,4322,45,46.5,3716,3716,132864,93760,4320,45,46.4,3716,3716,132864,93760,0,NA,NA,NA,NA,TRUE,113587,86771,50822,-17,4424,329,305,24092,243,183,-963,177,-166,3743,19340,HSC
3_H4,S131,6960,0.01,NA,NA,0.01,WT,plate2_C05,ARCH1,LEUK4_plate2_FACS_C5_C05_029.fcs,14327,14323,14152,10233,NA,NA,NA,NA,NA,NA,NA,NA,3848,26.9,27.2,3089,7904,111552,71552,3846,26.9,27.2,3089,7921,111552,71360,0,NA,NA,NA,NA,TRUE,86167,84114,29182,112,525,364,166,13014,883,119,-156,-98,-53,1485,16851,HSC
7_E6,S150,7352,0.48,0.491,NA,0.4855,MUT,plate2_F07,ARCH1,LEUK4_plate2_FACS_F7_F07_067.fcs,13199,13198,13179,12809,NA,NA,NA,NA,NA,NA,NA,NA,342,2.59,2.6,1946,3120,118208,75392,337,2.55,2.56,1910,3151,117760,75136,0,NA,NA,NA,NA,TRUE,106078,85167,31428,10,5429,169,60,14478,271,152,-1094,-16,-47,1572,19831,HSC
1_E1,S145,7452,0.01,NA,NA,0.01,WT,plate2_A07,ARCH1,LEUK4_plate2_FACS_A7_A07_007.fcs,21299,21296,21271,13359,NA,NA,NA,NA,NA,NA,NA,NA,7521,35.3,35.4,1709,5713,105088,48128,7519,35.3,35.3,1709,5713,105088,48128,0,NA,NA,NA,NA,TRUE,81089,79554,25561,119,724,197,35,9471,609,151,-313,153,-30,2040,16826,HSC
5_H4,S156,7487,0.51,0.462,NA,0.486,MUT,plate2_D08,ARCH1,LEUK4_plate2_FACS_D8_D08_044.fcs,24393,24389,24358,22578,NA,NA,NA,NA,NA,NA,NA,NA,1710,7.01,7.02,2639,3878,109760,64512,1705,6.99,7,2639,3894,109760,64448,0,NA,NA,NA,NA,TRUE,99009,86876,33188,243,3853,170,170,13265,154,213,-537,84,-84,2697,32700,HSC
6_A3,S164,7639,0.01,NA,NA,0.01,WT,plate2_D09,ARCH1,LEUK4_plate2_FACS_D9_D09_045.fcs,59488,59469,55042,29606,NA,NA,NA,NA,NA,NA,NA,NA,24392,41,44.3,1735,5103,99776,46848,24386,41,44.3,1735,5103,99776,46848,0,NA,NA,NA,NA,TRUE,100027,85897,37272,485,8501,412,241,17884,3043,117,-255,-10,-165,2717,2550,HSC
7_F4,S166,8077,0.44,0.382,NA,0.41100000000000003,MUT,plate2_F09,ARCH1,LEUK4_plate2_FACS_F9_F09_069.fcs,49786,49769,48798,21240,NA,NA,NA,NA,NA,NA,NA,NA,26709,53.7,54.7,2355,5628,108736,44928,26706,53.7,54.7,2355,5628,108736,44928,0,NA,NA,NA,NA,TRUE,93281,84155,28085,544,3728,161,212,16437,361,85,-657,128,-96,2561,27673,HSC
4_E6,S163,8142,0.01,NA,NA,0.01,WT,plate2_C09,ARCH1,LEUK4_plate2_FACS_C9_C09_033.fcs,34715,34705,34241,30736,NA,NA,NA,NA,NA,NA,NA,NA,3401,9.8,9.93,3831,4934,115264,68992,3399,9.79,9.93,3831,4934,115200,68992,1,NA,NA,NA,NA,TRUE,95595,84140,33224,-149,918,6,72,14240,853,108,-254,86,-30,3066,18786,HSC
2_F3,S130,8185,0.01,NA,NA,0.01,WT,plate2_B05,ARCH1,LEUK4_plate2_FACS_B5_B05_017.fcs,28244,28242,28173,24522,NA,NA,NA,NA,NA,NA,NA,NA,3515,12.4,12.5,3332,3839,115520,65664,3514,12.4,12.5,3332,3839,115520,65664,0,NA,NA,NA,NA,TRUE,106331,84122,38834,592,5894,-299,50,12057,393,212,-251,231,-76,2283,23140,HSC
3_C3,S138,8346,0.59,0.505,NA,0.5475,MUT,plate2_B06,ARCH1,LEUK4_plate2_FACS_B6_B06_018.fcs,41066,41061,40874,14271,NA,NA,NA,NA,NA,NA,NA,NA,25980,63.3,63.6,2788,7018,113216,53184,25979,63.3,63.6,2788,7018,113216,53184,0,NA,NA,NA,NA,TRUE,65668,81739,21414,45,2143,-115,58,10401,214,73,-297,-174,-79,2062,9675,HSC
7_C6,S110,8435,0.01,NA,NA,0.01,WT,plate2_F02,ARCH1,LEUK4_plate2_FACS_F2_F02_062.fcs,4500,3972,3954,3760,NA,NA,NA,NA,NA,NA,NA,NA,187,4.71,4.73,2132,5462,111872,72320,185,4.66,4.68,2132,5521,111872,72000,425,NA,NA,NA,NA,TRUE,100459,83709,38782,285,12313,395,202,18531,484,167,-1003,95,-109,3121,11746,HSC
5_E2,S132,8457,0.01,NA,NA,0.01,WT,plate2_D05,ARCH1,LEUK4_plate2_FACS_D5_D05_041.fcs,19779,19778,19732,14978,NA,NA,NA,NA,NA,NA,NA,NA,4671,23.6,23.7,4352,6588,121088,72320,4670,23.6,23.7,4352,6588,121088,72256,0,NA,NA,NA,NA,TRUE,98536,82957,34708,-44,894,245,205,13838,912,147,-383,8,-43,1798,17626,HSC
6_B6,S52,8521,0.95,0.84,NA,0.895,MUT,plate1_D07,ARCH1,LEUK4_plate1_FACS_D7_D07_043.fcs,18162,18155,17893,10356,NA,NA,NA,NA,NA,NA,NA,NA,7321,40.3,40.9,2490,5180,135424,89536,7320,40.3,40.9,2485,5180,135424,89536,0,NA,NA,NA,NA,TRUE,93683,83445,34025,455,3381,33,77,11094,965,120,-273,-113,-32,3597,10516,HSC
1_F1,S153,8522,0.37,0.357,NA,0.3635,MUT,plate2_A08,ARCH1,LEUK4_plate2_FACS_A8_A08_008.fcs,32574,32564,28018,16485,NA,NA,NA,NA,NA,NA,NA,NA,11257,34.6,40.2,3554,5787,118400,56384,11256,34.6,40.2,3554,5787,118400,56384,0,NA,NA,NA,NA,TRUE,107537,86664,42451,256,7651,-379,178,19063,666,245,-572,19,-101,4072,23957,HSC
5_B2,S108,9717,0.86,0.744,NA,0.802,MUT,plate2_D02,ARCH1,LEUK4_plate2_FACS_D2_D02_038.fcs,46299,46289,46217,43784,NA,NA,NA,NA,NA,NA,NA,NA,2380,5.14,5.15,3518,5370,115008,69376,2374,5.13,5.14,3525,5381,115008,69184,0,NA,NA,NA,NA,TRUE,90065,81577,27900,203,2905,-638,217,15086,359,190,-164,132,-95,1920,9370,HSC
1_H2,S161,11057,0.01,NA,NA,0.01,WT,plate2_A09,ARCH1,LEUK4_plate2_FACS_A9_A09_009.fcs,11916,11915,11821,10837,NA,NA,NA,NA,NA,NA,NA,NA,941,7.9,7.96,2593,4159,104832,58112,939,7.88,7.94,2593,4159,104832,58112,0,NA,NA,NA,NA,TRUE,84610,82739,27370,291,1218,142,151,11340,143,138,-12,48,-29,2129,32013,HSC
